,nombre,enlace,estado,tipo_de_representacion,representacion
0,Abasolo Sánchez Pedro Daniel,curricula.php?dipt=484,México,Circunscripcion,5
1,Aguilar Castillo Heriberto Marcelo,curricula.php?dipt=250,Sonora,Distrito,4
2,Aguilar Linda Bonifacio,curricula.php?dipt=289,Veracruz,Distrito,18
3,Aguilar Molina Leticia Arlett,curricula.php?dipt=57,Chiapas,Distrito,9
4,Aguilar Vázquez Adriana,curricula.php?dipt=370,San Luis Potosí,Circunscripcion,2
5,Aguilera Brenes Sebastián,curricula.php?dipt=333,Chihuahua,Circunscripcion,1
6,Aguilera Chairez Maribel,curricula.php?dipt=73,Durango,Distrito,3
7,Alavez Ruiz Aleida,curricula.php?dipt=34,Ciudad de México,Distrito,19
8,Alegre Salazar Luis Javier,curricula.php?dipt=409,Quintana Roo,Circunscripcion,3
9,Alejandro Candelaria Maximino,curricula.php?dipt=457,Ciudad de México,Circunscripcion,4
10,Alfaro Morales María Isabel,curricula.php?dipt=102,Hidalgo,Distrito,4
11,Almazán Burgos Karla Yuritzi,curricula.php?dipt=163,México,Distrito,38
12,Alvarado Moreno María Guillermina,curricula.php?dipt=188,Nuevo León,Distrito,2
13,Ambrocio Gachuz José Guadalupe,curricula.php?dipt=183,Morelos,Distrito,5
14,Andazola Gómez Socorro Irma,curricula.php?dipt=7,Baja California,Distrito,4
15,Andrade Zavala Marco Antonio,curricula.php?dipt=413,Chiapas,Circunscripcion,3
16,Angeles Mendoza Julio César,curricula.php?dipt=103,Hidalgo,Distrito,5
17,Antonio Altamirano Carol,curricula.php?dipt=203,Oaxaca,Distrito,5
18,Arenas Madrigal Edgar Eduardo,curricula.php?dipt=662,México,Distrito,37
19,Arrieta Sánchez Eleuterio,curricula.php?dipt=284,Veracruz,Distrito,13
20,Arvizu De la Luz Felipe Rafael,curricula.php?dipt=137,México,Distrito,12
21,Ascencio Ortega Reyna Celeste,curricula.php?dipt=485,Michoacán,Circunscripcion,5
22,Audiffred Fernández Karen Ivette,curricula.php?dipt=536,Ciudad de México,Distrito,21
23,Avalos Magaña Laura Patricia,curricula.php?dipt=258,Tabasco,Distrito,5
24,Avila Vera Mildred Concepción,curricula.php?dipt=231,Quintana Roo,Distrito,3
25,Ayala Bobadilla Carlos Iván,curricula.php?dipt=741,Sinaloa,Distrito,2
26,Badillo Moreno Cuauhtli Fernando,curricula.php?dipt=379,San Luis Potosí,Circunscripcion,2
27,Bahena Jiménez Socorro,curricula.php?dipt=483,México,Circunscripcion,5
28,Barajas Barajas Esteban,curricula.php?dipt=168,Michoacán,Distrito,2
29,Barrera Badillo Rocío,curricula.php?dipt=26,Ciudad de México,Distrito,11
30,Barroso Chávez Alejandro,curricula.php?dipt=223,Puebla,Distrito,15
31,Bautista Bravo Juan Angel,curricula.php?dipt=156,México,Distrito,31
32,Bautista Peláez Maria del Carmen,curricula.php?dipt=207,Oaxaca,Distrito,9
33,Bautista Rivera David,curricula.php?dipt=445,Puebla,Circunscripcion,4
34,Bayardo Cabrera Rosa María,curricula.php?dipt=548,Colima,Distrito,2
35,Blas López Víctor,curricula.php?dipt=419,Oaxaca,Circunscripcion,3
36,Bonifaz Moedano Raúl Eduardo,curricula.php?dipt=554,Chiapas,Distrito,6
37,Bonilla Herrera Raquel,curricula.php?dipt=276,Veracruz,Distrito,5
38,Borrego Adame Francisco Javier,curricula.php?dipt=41,Coahuila,Distrito,2
39,Briceño Zuloaga María Wendy,curricula.php?dipt=251,Sonora,Distrito,5
40,Burelo Cortazar Teresa,curricula.php?dipt=255,Tabasco,Distrito,2
41,Calderón Medina Samuel,curricula.php?dipt=443,Morelos,Circunscripcion,4
42,Calderón Salas Rodrigo,curricula.php?dipt=278,Veracruz,Distrito,7
43,Campos Equihua Ignacio Benjamín,curricula.php?dipt=175,Michoacán,Distrito,9
44,Cano González Susana,curricula.php?dipt=487,México,Circunscripcion,5
45,Carbajal Miranda Marco Antonio,curricula.php?dipt=327,Sonora,Circunscripcion,1
46,Carranza Aréas Julio,curricula.php?dipt=405,Veracruz,Circunscripcion,3
47,Carrasco Godínez Nelly Minerva,curricula.php?dipt=129,México,Distrito,4
48,Carrazco Macías Olegaria,curricula.php?dipt=245,Sinaloa,Distrito,6
49,Carrillo Luna Juana,curricula.php?dipt=489,México,Circunscripcion,5
50,Carrillo Martínez Miroslava,curricula.php?dipt=159,México,Distrito,34
51,Carvajal Hidalgo Alejandro,curricula.php?dipt=214,Puebla,Distrito,6
52,Castañeda Ortiz María Guadalupe Edith,curricula.php?dipt=495,México,Circunscripcion,5
53,Castillo Lozano Katia Alejandra,curricula.php?dipt=338,Jalisco,Circunscripcion,1
54,Cayetano García Rubén,curricula.php?dipt=97,Guerrero,Distrito,8
55,Cazarez Yañez Martina,curricula.php?dipt=375,San Luis Potosí,Circunscripcion,2
56,Chávez Pérez María,curricula.php?dipt=497,Michoacán,Circunscripcion,5
57,Chico Herrera Miguel Ángel,curricula.php?dipt=371,Guanajuato,Circunscripcion,2
58,Clouthier Carrillo Tatiana,curricula.php?dipt=328,Sinaloa,Circunscripcion,1
59,Contreras Castillo Armando,curricula.php?dipt=415,Oaxaca,Circunscripcion,3
60,Contreras Montes Gustavo,curricula.php?dipt=133,México,Distrito,8
61,Cruz Santos Flora Tania,curricula.php?dipt=282,Veracruz,Distrito,11
62,Cuaxiloa Serrano Susana Beatriz,curricula.php?dipt=452,Puebla,Circunscripcion,4
63,Cuevas Barron Gabriela,curricula.php?dipt=450,Ciudad de México,Circunscripcion,4
64,De Jesús Jiménez Lucio,curricula.php?dipt=451,Ciudad de México,Circunscripcion,4
65,De La Cruz Delucio Patricia Del Carmen,curricula.php?dipt=402,Chiapas,Circunscripcion,3
66,Del Bosque Villarreal Diego Eduardo,curricula.php?dipt=374,Coahuila,Circunscripcion,2
67,Del Castillo Ibarra Erika Vanessa,curricula.php?dipt=16,Ciudad de México,Distrito,1
68,Delgado Carrillo Mario,curricula.php?dipt=28,Ciudad de México,Distrito,13
69,Delsol Estrada José Ricardo,curricula.php?dipt=236,San Luis Potosí,Distrito,4
70,Díaz Aguilar Leticia,curricula.php?dipt=448,Ciudad de México,Circunscripcion,4
71,Diaz García María Elizabeth,curricula.php?dipt=138,México,Distrito,13
72,Domínguez Flores Rosalinda,curricula.php?dipt=205,Oaxaca,Distrito,7
73,Domínguez Rodríguez Roberto Ángel,curricula.php?dipt=153,México,Distrito,28
74,Elizondo Garrido Francisco,curricula.php?dipt=380,Nuevo León,Circunscripcion,2
75,Elorza Flores José Luis,curricula.php?dipt=60,Chiapas,Distrito,12
76,Espadas Méndez Gregorio Efraín,curricula.php?dipt=256,Tabasco,Distrito,3
77,Espinosa de los Monteros García Adriana María Guadalupe,curricula.php?dipt=24,Ciudad de México,Distrito,9
78,Espinoza Lopez Brenda,curricula.php?dipt=446,Morelos,Circunscripcion,4
79,Espinoza Segura María Bertha,curricula.php?dipt=274,Veracruz,Distrito,3
80,Exsome Zapata Ricardo Francisco,curricula.php?dipt=275,Veracruz,Distrito,4
81,Farías Zambrano Melba Nelia,curricula.php?dipt=42,Coahuila,Distrito,3
82,Farrera Esponda Juan Enrique,curricula.php?dipt=58,Chiapas,Distrito,10
83,Fernández Cruz Nayeli Arlen,curricula.php?dipt=441,Ciudad de México,Circunscripcion,4
84,Flores Anguiano Feliciano,curricula.php?dipt=167,Michoacán,Distrito,1
85,Flores Olivo Lucía,curricula.php?dipt=458,Ciudad de México,Circunscripcion,4
86,García Anaya Lidia,curricula.php?dipt=104,Hidalgo,Distrito,6
87,García Cayetano Dorheny,curricula.php?dipt=418,Veracruz,Circunscripcion,3
88,García Corpus Teófilo Manuel,curricula.php?dipt=389,Oaxaca,Circunscripcion,3
89,García Guardado Ma. de Jesús,curricula.php?dipt=357,Zacatecas,Circunscripcion,2
90,García Hernández Jesús Fernando,curricula.php?dipt=242,Sinaloa,Distrito,3
91,García Rosales Edith,curricula.php?dipt=400,Veracruz,Circunscripcion,3
92,García Rubio Agustín,curricula.php?dipt=498,Michoacán,Circunscripcion,5
93,García Soto Ulises,curricula.php?dipt=65,Chihuahua,Distrito,4
94,García Vidaña Martha Olivia,curricula.php?dipt=71,Durango,Distrito,1
95,García Zepeda Julieta,curricula.php?dipt=493,Michoacán,Circunscripcion,5
96,Gómez Ventura Manuel,curricula.php?dipt=407,Veracruz,Circunscripcion,3
97,Gómez Álvarez Pablo,curricula.php?dipt=38,Ciudad de México,Distrito,23
98,González Castañeda Sandra Paola,curricula.php?dipt=198,Nuevo León,Distrito,12
99,González Reyes Marco Antonio,curricula.php?dipt=492,México,Circunscripcion,5
100,González Robledo Erasmo,curricula.php?dipt=266,Tamaulipas,Distrito,7
101,Guerra Mena Juanita,curricula.php?dipt=181,Morelos,Distrito,3
102,Guerra Méndez Lizeth Amayrani,curricula.php?dipt=404,Veracruz,Circunscripcion,3
103,Guerrero Barrera Yolanda,curricula.php?dipt=171,Michoacán,Distrito,5
104,Guillén Quiroz Ana Lilia,curricula.php?dipt=174,Michoacán,Distrito,8
105,Gutiérrez Gutiérrez Daniel,curricula.php?dipt=208,Oaxaca,Distrito,10
106,Gutiérrez Luna Sergio Carlos,curricula.php?dipt=988,México,Circunscripcion,5
107,Guzmán De La Torre Francisco Javier,curricula.php?dipt=331,Jalisco,Circunscripcion,1
108,Guzmán Valdéz Edgar,curricula.php?dipt=215,Puebla,Distrito,7
109,Hernández Pérez César Agustín,curricula.php?dipt=155,México,Distrito,30
110,Hernández Pérez María Eugenia,curricula.php?dipt=136,México,Distrito,11
111,Hernández Tapia Arturo Roberto,curricula.php?dipt=160,México,Distrito,35
112,Hernández Villalpando Rafael,curricula.php?dipt=281,Veracruz,Distrito,10
113,Herrera Chávez Samuel,curricula.php?dipt=300,Zacatecas,Distrito,4
114,Herrera Pérez Gonzalo,curricula.php?dipt=173,Michoacán,Distrito,7
115,Hidalgo Ponce Javier Ariel,curricula.php?dipt=25,Ciudad de México,Distrito,10
116,Huerta Corona Benjamín Saúl,curricula.php?dipt=219,Puebla,Distrito,11
117,Huerta González Agustín Reynaldo,curricula.php?dipt=459,Puebla,Circunscripcion,4
118,Huerta Martínez Manuel,curricula.php?dipt=455,Guerrero,Circunscripcion,4
119,Huerta del Río María de los Ángeles,curricula.php?dipt=149,México,Distrito,24
120,Interian Gallegos Limbert Iván de Jesús,curricula.php?dipt=794,Yucatán,Distrito,3
121,Jarero Velázquez Miguel Pavel,curricula.php?dipt=184,Nayarit,Distrito,1
122,Jáuregui Montes de Oca Miguel Ángel,curricula.php?dipt=18,Ciudad de México,Distrito,3
123,Jiménez Andrade Lorena del Socorro,curricula.php?dipt=110,Jalisco,Distrito,5
124,Jiménez y Meneses Héctor Guillermo de Jesús,curricula.php?dipt=221,Puebla,Distrito,13
125,Juan Carlos Irma,curricula.php?dipt=200,Oaxaca,Distrito,2
126,Lamarque Cano Carlos Javier,curricula.php?dipt=252,Sonora,Distrito,6
127,López Aparicio Delfino,curricula.php?dipt=150,México,Distrito,25
128,López Castillo Manuel,curricula.php?dipt=309,Sonora,Circunscripcion,1
129,López Chávez Maria Beatriz,curricula.php?dipt=442,Ciudad de México,Circunscripcion,4
130,López Pérez María Teresa,curricula.php?dipt=332,Jalisco,Circunscripcion,1
131,López Rayón Claudia,curricula.php?dipt=20,Ciudad de México,Distrito,5
132,López Rodríguez Abelina,curricula.php?dipt=93,Guerrero,Distrito,4
133,Maceda Carrera Nelly,curricula.php?dipt=222,Puebla,Distrito,14
134,Maldonado Tapia Mirna Zabeida,curricula.php?dipt=297,Zacatecas,Distrito,1
135,Manzano Salazar Javier,curricula.php?dipt=94,Guerrero,Distrito,5
136,Márquez González Miguel Ángel,curricula.php?dipt=329,Jalisco,Circunscripcion,1
137,Martínez Aguilar Emeteria Claudia,curricula.php?dipt=408,Chiapas,Circunscripcion,3
138,Martínez Aké Carlos Enrique,curricula.php?dipt=14,Campeche,Distrito,1
139,Martínez Flores Juan,curricula.php?dipt=287,Veracruz,Distrito,16
140,Martínez González Laura,curricula.php?dipt=433,Ciudad de México,Circunscripcion,4
141,Martínez Ventura Luis Enrique,curricula.php?dipt=157,México,Distrito,32
142,Maya Martínez Hirepan,curricula.php?dipt=486,Michoacán,Circunscripcion,5
143,Mayer Bretón Sergio,curricula.php?dipt=21,Ciudad de México,Distrito,6
144,Medel Palma Carmen,curricula.php?dipt=285,Veracruz,Distrito,14
145,Medina Pérez Marco Antonio,curricula.php?dipt=417,Veracruz,Circunscripcion,3
146,Mejía Cruz Maria Esther,curricula.php?dipt=62,Chihuahua,Distrito,1
147,Mercado Torres Edith Marisol,curricula.php?dipt=499,México,Circunscripcion,5
148,Merino García Virginia,curricula.php?dipt=406,Oaxaca,Circunscripcion,3
149,Merlín García María del Rosario,curricula.php?dipt=98,Guerrero,Distrito,9
150,Mier Velazco Moisés Ignacio,curricula.php?dipt=447,Puebla,Circunscripcion,4
151,Minor Mora Jesús Salvador,curricula.php?dipt=4,Baja California,Distrito,1
152,Mojica Toledo Alejandro,curricula.php?dipt=179,Morelos,Distrito,1
153,Mojica Wences Víctor Adolfo,curricula.php?dipt=90,Guerrero,Distrito,1
154,Molina Espinoza Irineo,curricula.php?dipt=199,Oaxaca,Distrito,1
155,Montes Hernández María de Lourdes,curricula.php?dipt=572,Durango,Distrito,2
156,Montes Nieves Jorge Luis,curricula.php?dipt=225,Querétaro,Distrito,2
157,Mora García Carmen,curricula.php?dipt=280,Veracruz,Distrito,9
158,Mora Ríos María Teresa Rebeca Rosa,curricula.php?dipt=147,México,Distrito,22
159,Morales Elvira Erik Isaac,curricula.php?dipt=10,Baja California,Distrito,7
160,Moreno Gil Mario Ismael,curricula.php?dipt=8,Baja California,Distrito,5
161,Murguía Soto Ulises,curricula.php?dipt=144,México,Distrito,19
162,Muñoz Ledo  Porfirio,curricula.php?dipt=453,Ciudad de México,Circunscripcion,4
163,Navarrete Rivera Alma Delia,curricula.php?dipt=135,México,Distrito,10
164,Noriega Galaz Martha Lizeth,curricula.php?dipt=505,Baja California,Distrito,2
165,Novella Macías Oscar Rafael,curricula.php?dipt=369,Zacatecas,Circunscripcion,2
166,Núñez Alvarez Estela,curricula.php?dipt=254,Tabasco,Distrito,1
167,Obrador Narváez Manuela del Carmen,curricula.php?dipt=49,Chiapas,Distrito,1
168,Ocampo Manzanares Araceli,curricula.php?dipt=91,Guerrero,Distrito,2
169,Ochoa Valdivia Zaira,curricula.php?dipt=412,Veracruz,Circunscripcion,3
170,Olvera Bautista Simey,curricula.php?dipt=101,Hidalgo,Distrito,3
171,Onofre Vázquez Vicente Alberto,curricula.php?dipt=158,México,Distrito,33
172,Orihuela Nava David,curricula.php?dipt=148,México,Distrito,23
173,Ortega Nájera Hilda Patricia,curricula.php?dipt=74,Durango,Distrito,4
174,Padierna Luna Dolores,curricula.php?dipt=27,Ciudad de México,Distrito,12
175,Palacios Cordero Lucio Ernesto,curricula.php?dipt=449,Ciudad de México,Circunscripcion,4
176,Palma Olvera Carmen Patricia,curricula.php?dipt=230,Quintana Roo,Distrito,2
177,Pani Barragán Alejandra,curricula.php?dipt=180,Morelos,Distrito,2
178,Parra Juárez Inés,curricula.php?dipt=212,Puebla,Distrito,4
179,Pedrero Moreno Humberto,curricula.php?dipt=50,Chiapas,Distrito,2
180,Peralta De La Peña Ana Patricia,curricula.php?dipt=399,Quintana Roo,Circunscripcion,3
181,Pérez Arroyo Alfonso,curricula.php?dipt=717,Puebla,Distrito,9
182,Pérez Bernabe Jaime Humberto,curricula.php?dipt=277,Veracruz,Distrito,6
183,Pérez Hernández Sergio,curricula.php?dipt=490,México,Circunscripcion,5
184,Pérez López Beatriz Dominga,curricula.php?dipt=204,Oaxaca,Distrito,6
185,Pérez Mackintosh Miriam Citlally,curricula.php?dipt=334,Nayarit,Circunscripcion,1
186,Pérez Rodríguez Claudia,curricula.php?dipt=771,Tlaxcala,Distrito,3
187,Pérez Segura Laura Imelda,curricula.php?dipt=121,Jalisco,Distrito,16
188,Piña Bernal Adela,curricula.php?dipt=456,Ciudad de México,Circunscripcion,4
189,Ponce Cobos Alejandro,curricula.php?dipt=401,Oaxaca,Circunscripcion,3
190,Ponce Méndez María Geraldine,curricula.php?dipt=185,Nayarit,Distrito,2
191,Pool Moo Jesús de los Ángeles,curricula.php?dipt=232,Quintana Roo,Distrito,4
192,Prado de los Santos Miguel,curricula.php?dipt=55,Chiapas,Distrito,7
193,Rabelo Velasco Roque Luis,curricula.php?dipt=52,Chiapas,Distrito,4
194,Ramírez Cuellar Alfonso,curricula.php?dipt=29,Ciudad de México,Distrito,14
195,Ramírez Lucero Martha Patricia,curricula.php?dipt=340,Baja California,Circunscripcion,1
196,Ramírez Navarrete Francisco Javier,curricula.php?dipt=496,México,Circunscripcion,5
197,Ramos Cruz Verónica,curricula.php?dipt=326,Jalisco,Circunscripcion,1
198,Ramos Ruiz Juan Israel,curricula.php?dipt=373,Guanajuato,Circunscripcion,2
199,Ramos Sotelo Guadalupe,curricula.php?dipt=39,Ciudad de México,Distrito,24
200,Regalado Mardueño Carmina Yadira,curricula.php?dipt=330,Nayarit,Circunscripcion,1
201,Reyes Colín Marco Antonio,curricula.php?dipt=165,México,Distrito,40
202,Reyes López Valentín,curricula.php?dipt=288,Veracruz,Distrito,17
203,Reyes Miguel Idalia,curricula.php?dipt=454,Guerrero,Circunscripcion,4
204,Ríos Fararoni Eulalio Juan,curricula.php?dipt=291,Veracruz,Distrito,20
205,Rivera Castillo Fortunato,curricula.php?dipt=99,Hidalgo,Distrito,1
206,Robles Gutiérrez Beatriz Silvia,curricula.php?dipt=226,Querétaro,Distrito,3
207,Robles Ortiz Martha,curricula.php?dipt=154,México,Distrito,29
208,Rocha Vega Efraín,curricula.php?dipt=339,Chihuahua,Circunscripcion,1
209,Rodríguez Arellano Ediltrudis,curricula.php?dipt=416,Tabasco,Circunscripcion,3
210,Rodríguez González Manuel,curricula.php?dipt=257,Tabasco,Distrito,4
211,Rodríguez Gómez Eraclio,curricula.php?dipt=68,Chihuahua,Distrito,7
212,Rodríguez Ruiz Ana María,curricula.php?dipt=33,Ciudad de México,Distrito,18
213,Rojas Martínez Beatriz,curricula.php?dipt=22,Ciudad de México,Distrito,7
214,Román Ávila María Guadalupe,curricula.php?dipt=142,México,Distrito,17
215,Rosas Martínez Luz Estefanía,curricula.php?dipt=431,Ciudad de México,Circunscripcion,4
216,Rosas Uribe Erika Mariana,curricula.php?dipt=324,Sinaloa,Circunscripcion,1
217,Ruiz Arias Maximiliano,curricula.php?dipt=240,Sinaloa,Distrito,1
218,Ruiz Lustre Hugo Rafael,curricula.php?dipt=494,Hidalgo,Circunscripcion,5
219,Salazar Fernández Luis Fernando,curricula.php?dipt=44,Coahuila,Distrito,5
220,Salinas Narváez Javier,curricula.php?dipt=469,México,Circunscripcion,5
221,Sánchez Barrios Carlos,curricula.php?dipt=96,Guerrero,Distrito,7
222,Sánchez Castro Anita,curricula.php?dipt=172,Michoacán,Distrito,6
223,Sánchez Galván Miroslava,curricula.php?dipt=378,Coahuila,Circunscripcion,2
224,Sánchez Ortiz Graciela,curricula.php?dipt=146,México,Distrito,21
225,Sánchez Rodríguez Juan Pablo,curricula.php?dipt=145,México,Distrito,20
226,Sánchez Barrales Zavalza Raúl Ernesto,curricula.php?dipt=140,México,Distrito,15
227,Sandoval Soberanes Lucinda,curricula.php?dipt=336,Sinaloa,Circunscripcion,1
228,Santiago Chepi Azael,curricula.php?dipt=202,Oaxaca,Distrito,4
229,Santiago Manuel Iran,curricula.php?dipt=403,Oaxaca,Circunscripcion,3
230,Santiago Marcos Nancy Yadira,curricula.php?dipt=244,Sinaloa,Distrito,5
231,Santos Díaz Edelmiro Santiago,curricula.php?dipt=377,Nuevo León,Circunscripcion,2
232,Sibaja Mendoza Jorge Ángel,curricula.php?dipt=911,Chiapas,Circunscripcion,3
233,Solís Barrera María Marivel,curricula.php?dipt=491,Hidalgo,Circunscripcion,5
234,Tellez Infante Jannet,curricula.php?dipt=105,Hidalgo,Distrito,7
235,Tello Espinosa Claudia,curricula.php?dipt=279,Veracruz,Distrito,8
236,Tenorio Adame Paola,curricula.php?dipt=290,Veracruz,Distrito,19
237,Terán Águila Rubén,curricula.php?dipt=270,Tlaxcala,Distrito,2
238,Valencia Cruz Rosalba,curricula.php?dipt=414,Veracruz,Circunscripcion,3
239,Valles Sampedro Lorenia Iveth,curricula.php?dipt=249,Sonora,Distrito,3
240,Varela López Víctor Gabriel,curricula.php?dipt=37,Ciudad de México,Distrito,22
241,Vargas Hernández Lidia Nallely,curricula.php?dipt=372,San Luis Potosí,Circunscripcion,2
242,Vargas Meraz Teresita de Jesús,curricula.php?dipt=63,Chihuahua,Distrito,2
243,Vazquez Vazquez Alfredo,curricula.php?dipt=51,Chiapas,Distrito,3
244,Veloz Silva María Luisa,curricula.php?dipt=376,San Luis Potosí,Circunscripcion,2
245,Vences Valencia Julieta Kristal,curricula.php?dipt=216,Puebla,Distrito,8
246,Viedma Velázquez Alejandro,curricula.php?dipt=480,México,Circunscripcion,5
247,Villa Villegas Alberto,curricula.php?dipt=335,Jalisco,Circunscripcion,1
248,Villalvazo Amaya Mirtha Iliana,curricula.php?dipt=186,Nayarit,Distrito,3
249,Villarauz Martínez Rocío del Pilar,curricula.php?dipt=444,Ciudad de México,Circunscripcion,4
250,Villarreal Pasaret Francisco Jorge,curricula.php?dipt=837,Chihuahua,Circunscripcion,1
251,Villavicencio Ayala Silvia Lorena,curricula.php?dipt=31,Ciudad de México,Distrito,16
252,Villegas Guarneros Dulce María Corina,curricula.php?dipt=286,Veracruz,Distrito,15
253,Villegas Sánchez Merary,curricula.php?dipt=246,Sinaloa,Distrito,7
254,Yáñez Centeno y Cabrera Claudia Valeria,curricula.php?dipt=47,Colima,Distrito,1
255,Zagal Ramírez Xochitl Nashielly,curricula.php?dipt=132,México,Distrito,7
256,Zamora Valdéz Casimiro,curricula.php?dipt=243,Sinaloa,Distrito,4
257,Zavaleta Sánchez Graciela,curricula.php?dipt=410,Oaxaca,Circunscripcion,3
258,Zertuche Zuani Armando Javier,curricula.php?dipt=268,Tamaulipas,Distrito,9
259,Adame Castillo Marco Antonio,curricula.php?dipt=423,Morelos,Circunscripcion,4
260,Aguilar Vega Marcos,curricula.php?dipt=345,Querétaro,Circunscripcion,2
261,Alemán Hernández Nohemí,curricula.php?dipt=348,Tamaulipas,Circunscripcion,2
262,Arriaga Rojas Justino Eugenio,curricula.php?dipt=82,Guanajuato,Distrito,8
263,Ascencio Barba Sergio Fernando,curricula.php?dipt=89,Guanajuato,Distrito,15
264,Ayala Díaz Ma. de los Ángeles,curricula.php?dipt=77,Guanajuato,Distrito,3
265,Azuara Zúñiga Xavier,curricula.php?dipt=349,San Luis Potosí,Circunscripcion,2
266,Bonnafoux Alcaraz Madeleine,curricula.php?dipt=305,Sonora,Circunscripcion,1
267,Cambero Pérez José Ramón,curricula.php?dipt=306,Nayarit,Circunscripcion,1
268,Carreón Mejía Carlos,curricula.php?dipt=425,Tlaxcala,Circunscripcion,4
269,Castaños Valenzuela Carlos Humberto,curricula.php?dipt=308,Sinaloa,Circunscripcion,1
270,Cinta Rodríguez Carlos Elhier,curricula.php?dipt=853,Guanajuato,Circunscripcion,2
271,Dávila Fernández Adriana,curricula.php?dipt=422,Tlaxcala,Circunscripcion,4
272,Díaz Jiménez Antonia Natividad,curricula.php?dipt=383,Oaxaca,Circunscripcion,3
273,Espadas Galván Jorge Arturo,curricula.php?dipt=85,Guanajuato,Distrito,11
274,Espinosa Rivas Ma. Eugenia Leticia,curricula.php?dipt=88,Guanajuato,Distrito,14
275,Flores Suárez Ricardo,curricula.php?dipt=190,Nuevo León,Distrito,4
276,García Escalante Ricardo,curricula.php?dipt=272,Veracruz,Distrito,1
277,García Gómez Martha Elena,curricula.php?dipt=303,Nayarit,Circunscripcion,1
278,García Morlan Dulce Alejandra,curricula.php?dipt=387,Oaxaca,Circunscripcion,3
279,García Ochoa Absalón,curricula.php?dipt=120,Jalisco,Distrito,15
280,García Rojas Mariana Dunyaska,curricula.php?dipt=283,Veracruz,Distrito,12
281,Garfias Cedillo Sylvia Violeta,curricula.php?dipt=346,Aguascalientes,Circunscripcion,2
282,Garza Galván Silvia Guadalupe,curricula.php?dipt=350,Coahuila,Circunscripcion,2
283,Gómez Cárdenas Annia Sarahí,curricula.php?dipt=192,Nuevo León,Distrito,6
284,Gómez Quej José Del Carmen,curricula.php?dipt=386,Campeche,Circunscripcion,3
285,González Estrada Martha Elisa,curricula.php?dipt=3,Aguascalientes,Distrito,3
286,González Márquez Karen Michel,curricula.php?dipt=81,Guanajuato,Distrito,7
287,Gracia Guzmán Raúl,curricula.php?dipt=341,Nuevo León,Circunscripcion,2
288,Guerra Villarreal Isabel Margarita,curricula.php?dipt=352,Nuevo León,Circunscripcion,2
289,Gutiérrez Valdez María de los Angeles,curricula.php?dipt=70,Chihuahua,Distrito,9
290,Guzmán Avilés Jesús,curricula.php?dipt=273,Veracruz,Distrito,2
291,Guzmán Avilés María Del Rosario,curricula.php?dipt=385,Veracruz,Circunscripcion,3
292,Lixa Abimerhi José Elías,curricula.php?dipt=295,Yucatán,Distrito,4
293,López Birlain Ana Paola,curricula.php?dipt=228,Querétaro,Distrito,5
294,López Cisneros José Martín,curricula.php?dipt=196,Nuevo León,Distrito,10
295,Luévano Núñez Francisco Javier,curricula.php?dipt=1,Aguascalientes,Distrito,1
296,Macías Olvera Felipe Fernando,curricula.php?dipt=227,Querétaro,Distrito,4
297,Mares Aguilar José Rigoberto,curricula.php?dipt=304,Baja California Sur,Circunscripcion,1
298,Martínez Juárez Jacquelina,curricula.php?dipt=344,Zacatecas,Circunscripcion,2
299,Martínez Terrazas Oscar Daniel,curricula.php?dipt=427,Morelos,Circunscripcion,4
300,Mata Carrasco Mario,curricula.php?dipt=66,Chihuahua,Distrito,5
301,Mata Lozano Lizbeth,curricula.php?dipt=307,Baja California,Circunscripcion,1
302,Mendoza Acevedo Luis Alberto,curricula.php?dipt=30,Ciudad de México,Distrito,15
303,Murillo Chávez Janet Melanie,curricula.php?dipt=83,Guanajuato,Distrito,9
304,Núñez Cerón Sarai,curricula.php?dipt=86,Guanajuato,Distrito,12
305,Ortega Martínez Ma. del Pilar,curricula.php?dipt=80,Guanajuato,Distrito,6
306,Patrón Laviada Cecilia Anunciación,curricula.php?dipt=381,Yucatán,Circunscripcion,3
307,Pérez Díaz Víctor Manuel,curricula.php?dipt=347,Nuevo León,Circunscripcion,2
308,Pérez Rivera Evaristo Lenin,curricula.php?dipt=40,Coahuila,Distrito,1
309,Preciado Rodríguez Jorge Luis,curricula.php?dipt=463,Colima,Circunscripcion,5
310,Ramírez Barba Éctor Jaime,curricula.php?dipt=79,Guanajuato,Distrito,5
311,Riggs Baeza Miguel Alonso,curricula.php?dipt=67,Chihuahua,Distrito,6
312,Rivera Hernández Marcelino,curricula.php?dipt=239,San Luis Potosí,Distrito,7
313,Robledo Leal Ernesto Alfonso,curricula.php?dipt=197,Nuevo León,Distrito,11
314,Rocha Acosta Sonia,curricula.php?dipt=224,Querétaro,Distrito,1
315,Rodríguez Rivera Iván Arturo,curricula.php?dipt=461,México,Circunscripcion,5
316,Rojas Hernández Laura Angélica,curricula.php?dipt=462,México,Circunscripcion,5
317,Romero Herrera Jorge,curricula.php?dipt=421,Ciudad de México,Circunscripcion,4
318,Romero Hicks Juan Carlos,curricula.php?dipt=78,Guanajuato,Distrito,4
319,Romero León Gloria,curricula.php?dipt=466,Hidalgo,Circunscripcion,5
320,Romo Cuéllar Martha Estela,curricula.php?dipt=107,Jalisco,Distrito,2
321,Romo Romo Guadalupe,curricula.php?dipt=108,Jalisco,Distrito,3
322,Rosas Quintanilla José Salvador,curricula.php?dipt=260,Tamaulipas,Distrito,1
323,Ruffo Appel Ernesto Guillermo,curricula.php?dipt=302,Baja California,Circunscripcion,1
324,Salazar Báez Josefina,curricula.php?dipt=237,San Luis Potosí,Distrito,5
325,Salinas Wolberg Hernán,curricula.php?dipt=187,Nuevo León,Distrito,1
326,Sandoval Mendoza María Liduvina,curricula.php?dipt=464,Colima,Circunscripcion,5
327,Sobrado Rodríguez Verónica María,curricula.php?dipt=424,Puebla,Circunscripcion,4
328,Tejeda Cid Armando,curricula.php?dipt=170,Michoacán,Distrito,4
329,Terrazas Baca Patricia,curricula.php?dipt=301,Chihuahua,Circunscripcion,1
330,Torres Graciano Fernando,curricula.php?dipt=351,Guanajuato,Circunscripcion,2
331,Torres Peimbert María Marcela,curricula.php?dipt=342,Querétaro,Circunscripcion,2
332,Torres Ramírez Adolfo,curricula.php?dipt=465,Michoacán,Circunscripcion,5
333,Trejo Reyes José Isabel,curricula.php?dipt=343,Zacatecas,Circunscripcion,2
334,Valenzuela González Carlos Alberto,curricula.php?dipt=382,Veracruz,Circunscripcion,3
335,Verastegui Ostos Vicente Javier,curricula.php?dipt=265,Tamaulipas,Distrito,6
336,Villarreal García Ricardo,curricula.php?dipt=76,Guanajuato,Distrito,2
337,Acosta Peña Brasil Alberto,curricula.php?dipt=476,México,Circunscripcion,5
338,Aguilar Castillo Ricardo,curricula.php?dipt=126,México,Distrito,1
339,Alemán Muñoz Castillo María,curricula.php?dipt=364,Querétaro,Circunscripcion,2
340,Alonzo Morales María Ester,curricula.php?dipt=293,Yucatán,Distrito,2
341,Álvarez García Ivonne Liliana,curricula.php?dipt=359,Nuevo León,Circunscripcion,2
342,Angulo Briceño Pablo Guillermo,curricula.php?dipt=395,Campeche,Circunscripcion,3
343,Azuara Yarzábal Frinné,curricula.php?dipt=362,San Luis Potosí,Circunscripcion,2
344,Barrera Fortoul Laura,curricula.php?dipt=479,México,Circunscripcion,5
345,Campos Córdova Lenin Nelson,curricula.php?dipt=365,San Luis Potosí,Circunscripcion,2
346,Canul Pérez Juan José,curricula.php?dipt=296,Yucatán,Distrito,5
347,Córdova Morán Luis Eleusis Leónidas,curricula.php?dipt=439,Puebla,Circunscripcion,4
348,De las Fuentes Hernández Fernando Donato,curricula.php?dipt=46,Coahuila,Distrito,7
349,Espinoza Eguia Juan Francisco,curricula.php?dipt=195,Nuevo León,Distrito,9
350,Flores Sánchez Margarita,curricula.php?dipt=323,Nayarit,Circunscripcion,1
351,Galindo Favela Fernando,curricula.php?dipt=435,Ciudad de México,Circunscripcion,4
352,Garay Cadena Martha Hortencia,curricula.php?dipt=43,Coahuila,Distrito,4
353,González Cuevas Isaías,curricula.php?dipt=320,Baja California Sur,Circunscripcion,1
354,Guel Saldívar Norma Adela,curricula.php?dipt=366,Aguascalientes,Circunscripcion,2
355,Hernández Deras Ismael Alfredo,curricula.php?dipt=322,Durango,Circunscripcion,1
356,Herrera Anzaldo Ana Lilia,curricula.php?dipt=473,México,Circunscripcion,5
357,Ingram Vallines Anilú,curricula.php?dipt=396,Veracruz,Circunscripcion,3
358,Juárez Cisneros Rene,curricula.php?dipt=437,Guerrero,Circunscripcion,4
359,Limón Hernández Manuel,curricula.php?dipt=397,Veracruz,Circunscripcion,3
360,López Castro Cynthia Iliana,curricula.php?dipt=436,Ciudad de México,Circunscripcion,4
361,Martínez Zaleta Edmundo,curricula.php?dipt=893,Veracruz,Circunscripcion,3
362,Medina Herrera Benito,curricula.php?dipt=316,Baja California,Circunscripcion,1
363,Miranda Nava Luis Enrique,curricula.php?dipt=474,México,Circunscripcion,5
364,Moreira Valdez Rubén Ignacio,curricula.php?dipt=361,Coahuila,Circunscripcion,2
365,Nemer Alvarez Ernesto Javier,curricula.php?dipt=478,México,Circunscripcion,5
366,Noroña Quezada Hortensia María Luisa,curricula.php?dipt=321,Jalisco,Circunscripcion,1
367,Ochoa Reza Enrique,curricula.php?dipt=472,Michoacán,Circunscripcion,5
368,Ortiz Guarneros Juan,curricula.php?dipt=391,Veracruz,Circunscripcion,3
369,Pastor Badilla Claudia,curricula.php?dipt=438,Ciudad de México,Circunscripcion,4
370,Pavón Campos Carlos,curricula.php?dipt=363,Zacatecas,Circunscripcion,2
371,Pérez Munguía Soraya,curricula.php?dipt=394,Tabasco,Circunscripcion,3
372,Puente De La Mora Ximena,curricula.php?dipt=477,Colima,Circunscripcion,5
373,Roa Sánchez Cruz Juvenal,curricula.php?dipt=161,México,Distrito,36
374,Rocha Medina Ma. Sara,curricula.php?dipt=233,San Luis Potosí,Distrito,1
375,Rodríguez Mier Y Terán Mariana,curricula.php?dipt=360,Tamaulipas,Circunscripcion,2
376,Saldaña Pérez María Lucero,curricula.php?dipt=434,Puebla,Circunscripcion,4
377,Sánchez Martínez Lourdes Erika,curricula.php?dipt=317,Sinaloa,Circunscripcion,1
378,Sauri Riancho Dulce María,curricula.php?dipt=392,Yucatán,Circunscripcion,3
379,Terán Villalobos Irma María,curricula.php?dipt=319,Sonora,Circunscripcion,1
380,Treviño Villarreal Pedro Pablo,curricula.php?dipt=358,Nuevo León,Circunscripcion,2
381,Velasco González Marcela Guillermina,curricula.php?dipt=475,México,Circunscripcion,5
382,Villegas Arreola Alfredo,curricula.php?dipt=318,Sinaloa,Circunscripcion,1
383,Zarzosa Sánchez Eduardo,curricula.php?dipt=134,México,Distrito,9
384,Acundo González Miguel,curricula.php?dipt=209,Puebla,Distrito,1
385,Argüelles Victorero Jorge Arturo,curricula.php?dipt=182,Morelos,Distrito,4
386,Báez Ruiz Claudia,curricula.php?dipt=211,Puebla,Distrito,3
387,Baldenebro Arredondo Manuel de Jesus,curricula.php?dipt=247,Sonora,Distrito,1
388,Buenfil Díaz Irasema del Carmen,curricula.php?dipt=15,Campeche,Distrito,2
389,Cabrera Lagunas Ma. del Carmen,curricula.php?dipt=92,Guerrero,Distrito,3
390,Castañeda Pomposo Javier Julián,curricula.php?dipt=9,Baja California,Distrito,6
391,Cruz Aparicio Héctor René,curricula.php?dipt=11,Baja California,Distrito,8
392,De la Peña Marshall Ricardo,curricula.php?dipt=259,Tabasco,Distrito,6
393,Elizondo Guerra Olga Juliana,curricula.php?dipt=261,Tamaulipas,Distrito,2
394,García Aguilar Carolina,curricula.php?dipt=131,México,Distrito,6
395,García Duque José Luis,curricula.php?dipt=189,Nuevo León,Distrito,3
396,Garza Gutiérrez Laura Erika de Jesús,curricula.php?dipt=193,Nuevo León,Distrito,7
397,González Escoto Armando,curricula.php?dipt=17,Ciudad de México,Distrito,2
398,Lozano Rodríguez Adriana,curricula.php?dipt=263,Tamaulipas,Distrito,4
399,Morales Flores Eudoxio,curricula.php?dipt=720,Puebla,Distrito,12
400,Moreno Medina Esmeralda de los Angeles,curricula.php?dipt=151,México,Distrito,26
401,Pérez Hernández José Ángel,curricula.php?dipt=45,Coahuila,Distrito,6
402,Pérez Negrón Ruiz Iván Arturo,curricula.php?dipt=176,Michoacán,Distrito,10
403,Reséndiz Hernández Nancy Claudia,curricula.php?dipt=166,México,Distrito,41
404,Rosete  María,curricula.php?dipt=23,Ciudad de México,Distrito,8
405,Saldivar Camacho Francisco Javier,curricula.php?dipt=32,Ciudad de México,Distrito,17
406,Salvatori Bojalil Nayeli,curricula.php?dipt=218,Puebla,Distrito,10
407,Sosa Ruíz Olga Patricia,curricula.php?dipt=267,Tamaulipas,Distrito,8
408,Sosa Salinas José de la Luz,curricula.php?dipt=269,Tlaxcala,Distrito,1
409,Teissier Zavala Adriana Paulina,curricula.php?dipt=229,Quintana Roo,Distrito,1
410,Torres Díaz Elba Lorena,curricula.php?dipt=2,Aguascalientes,Distrito,2
411,Vargas Contreras Ernesto,curricula.php?dipt=194,Nuevo León,Distrito,8
412,Villegas González Héctor Joel,curricula.php?dipt=262,Tamaulipas,Distrito,3
413,Bernal Camarena Ana Laura,curricula.php?dipt=748,Sonora,Distrito,2
414,Bernal Martínez Mary Carmen,curricula.php?dipt=169,Michoacán,Distrito,3
415,Dekker Gómez Clementina Marta,curricula.php?dipt=53,Chiapas,Distrito,5
416,Domínguez Vázquez Claudia Angélica,curricula.php?dipt=139,México,Distrito,14
417,Favela Peñuñuri Francisco,curricula.php?dipt=130,México,Distrito,5
418,Femat Bañuelos Alfredo,curricula.php?dipt=299,Zacatecas,Distrito,3
419,Fernández Noroña Gerardo,curricula.php?dipt=19,Ciudad de México,Distrito,4
420,Garay Ulloa Silvano,curricula.php?dipt=460,Tlaxcala,Circunscripcion,4
421,García García Margarita,curricula.php?dipt=201,Oaxaca,Distrito,3
422,García Grande Ana Ruth,curricula.php?dipt=12,Baja California Sur,Distrito,1
423,González Morales Hildelisa,curricula.php?dipt=253,Sonora,Distrito,7
424,González Soto Santiago,curricula.php?dipt=191,Nuevo León,Distrito,5
425,González Yáñez Óscar,curricula.php?dipt=152,México,Distrito,27
426,Huacus Esquivel Francisco Javier,curricula.php?dipt=178,Michoacán,Distrito,12
427,Huerta Hernández Martha,curricula.php?dipt=713,Puebla,Distrito,5
428,Jiménez Pérez María Roselia,curricula.php?dipt=56,Chiapas,Distrito,8
429,Lastra Muñoz Claudia Elena,curricula.php?dipt=64,Chihuahua,Distrito,3
430,Manzanilla Téllez Emilio,curricula.php?dipt=141,México,Distrito,16
431,Martínez Ruiz Maribel,curricula.php?dipt=420,Oaxaca,Circunscripcion,3
432,Marú Mejía María Teresa,curricula.php?dipt=128,México,Distrito,3
433,Montalvo Luna José Luis,curricula.php?dipt=164,México,Distrito,39
434,Porras Domínguez Alfredo,curricula.php?dipt=13,Baja California Sur,Distrito,2
435,Reyes Ledesma Armando,curricula.php?dipt=6,Baja California,Distrito,3
436,Roblero Gordillo Maricruz,curricula.php?dipt=61,Chiapas,Distrito,13
437,Robles Montoya Benjamín,curricula.php?dipt=206,Oaxaca,Distrito,8
438,Rojo Pimentel Ana Karina,curricula.php?dipt=35,Ciudad de México,Distrito,20
439,Sandoval Flores Reginaldo,curricula.php?dipt=500,Michoacán,Circunscripcion,5
440,Vázquez García Dionicia,curricula.php?dipt=127,México,Distrito,2
441,Bravo Padilla Itzcóatl Tonatiuh,curricula.php?dipt=311,Jalisco,Circunscripcion,1
442,Cheja Alfaro Jacobo David,curricula.php?dipt=470,México,Circunscripcion,5
443,Contreras González Lourdes Celenia,curricula.php?dipt=118,Jalisco,Distrito,13
444,Del Toro Pérez Higinio,curricula.php?dipt=624,Jalisco,Distrito,19
445,Espinoza Cárdenas Juan Martín,curricula.php?dipt=122,Jalisco,Distrito,17
446,Falomir Saenz Alan Jesús,curricula.php?dipt=69,Chihuahua,Distrito,8
447,García Lara Jorge Alcibíades,curricula.php?dipt=313,Baja California,Circunscripcion,1
448,Gómez Maldonado Maiella Martha Gabriela,curricula.php?dipt=210,Puebla,Distrito,2
449,González Anaya María Libier,curricula.php?dipt=314,Jalisco,Circunscripcion,1
450,González García Ana Priscila,curricula.php?dipt=125,Jalisco,Distrito,20
451,Herrera Vega Geraldina Isabel,curricula.php?dipt=115,Jalisco,Distrito,10
452,Ku Escalante Kehila Abigail,curricula.php?dipt=116,Jalisco,Distrito,11
453,Loya Hernández Fabiola Raquel Guadalupe,curricula.php?dipt=111,Jalisco,Distrito,6
454,Lozano Mac Donald Pilar,curricula.php?dipt=356,Nuevo León,Circunscripcion,2
455,Macías Rábago Julieta,curricula.php?dipt=429,Ciudad de México,Circunscripcion,4
456,Medina Ortíz Adriana Gabriela,curricula.php?dipt=117,Jalisco,Distrito,12
457,Méndez De La Luz Dauzón Dulce María,curricula.php?dipt=390,Veracruz,Circunscripcion,3
458,Prudencio González Carmen Julia,curricula.php?dipt=114,Jalisco,Distrito,9
459,Ramírez Salcido Juan Francisco,curricula.php?dipt=119,Jalisco,Distrito,14
460,Ramos Tamez Mario Alberto,curricula.php?dipt=264,Tamaulipas,Distrito,5
461,Rodríguez Carrillo Mario Alberto,curricula.php?dipt=109,Jalisco,Distrito,4
462,Rodríguez Vázquez Ariel,curricula.php?dipt=75,Guanajuato,Distrito,1
463,Ron Ramos Eduardo,curricula.php?dipt=106,Jalisco,Distrito,1
464,Russo Salido Jorge Eugenio,curricula.php?dipt=315,Sonora,Circunscripcion,1
465,Salinas Reyes Ruth,curricula.php?dipt=471,México,Circunscripcion,5
466,Tagle Martínez Martha,curricula.php?dipt=432,Ciudad de México,Circunscripcion,4
467,Villarreal Salazar Juan Carlos,curricula.php?dipt=112,Jalisco,Distrito,7
468,Zamudio Macias Martha Angélica,curricula.php?dipt=312,Jalisco,Circunscripcion,1
469,Aguilera Rojas José Guadalupe,curricula.php?dipt=177,Michoacán,Distrito,11
470,Alcalá Padilla Abril,curricula.php?dipt=113,Jalisco,Distrito,8
471,Almaguer Pardo Ma. Guadalupe,curricula.php?dipt=238,San Luis Potosí,Distrito,6
472,Almeida López Mónica,curricula.php?dipt=123,Jalisco,Distrito,18
473,Bautista Rodríguez Mónica,curricula.php?dipt=468,México,Circunscripcion,5
474,Esparza Márquez Frida Alejandra,curricula.php?dipt=354,Zacatecas,Circunscripcion,2
475,García Gutiérrez Raymundo,curricula.php?dipt=95,Guerrero,Distrito,6
476,Juárez Piña Verónica Beatriz,curricula.php?dipt=310,Jalisco,Circunscripcion,1
477,Ortega Martínez Antonio,curricula.php?dipt=355,Aguascalientes,Circunscripcion,2
478,Reyes Montiel Claudia,curricula.php?dipt=143,México,Distrito,18
479,Rodríguez Zamora Norma Azucena,curricula.php?dipt=388,Veracruz,Circunscripcion,3
480,Alcántara Núñez Jesús Sergio,curricula.php?dipt=482,México,Circunscripcion,5
481,Bautista Villegas Oscar,curricula.php?dipt=235,San Luis Potosí,Distrito,3
482,Bugarín Cortés Lyndiana Elizabeth,curricula.php?dipt=298,Zacatecas,Distrito,2
483,Corona Méndez Jorge Francisco,curricula.php?dipt=898,Quintana Roo,Circunscripcion,3
484,Escobar y Vega Arturo,curricula.php?dipt=440,Ciudad de México,Circunscripcion,4
485,Gómez Alcantar Marco Antonio,curricula.php?dipt=325,Sinaloa,Circunscripcion,1
486,Gómez Ordaz Leticia Mariana,curricula.php?dipt=481,México,Circunscripcion,5
487,Manrique Guevara Beatriz  (LICENCIA),curricula.php?dipt=368,Guanajuato,Circunscripcion,2
488,Puente Salas Carlos Alberto,curricula.php?dipt=367,Zacatecas,Circunscripcion,2
489,Rubio Montejo Roberto Antonio,curricula.php?dipt=59,Chiapas,Distrito,11
490,Vidal Peniche Jesús Carlos,curricula.php?dipt=292,Yucatán,Distrito,1
491,Gallardo Cardona José Ricardo,curricula.php?dipt=234,San Luis Potosí,Distrito,2
492,Morales Vázquez Carlos Alberto,curricula.php?dipt=384,Chiapas,Circunscripcion,3
493,Reyes Carmona Emmanuel,curricula.php?dipt=87,Guanajuato,Distrito,13
494,Riojas Martínez Ana Lucia,curricula.php?dipt=426,Ciudad de México,Circunscripcion,4
495,Serrano Cortes Héctor,curricula.php?dipt=428,Ciudad de México,Circunscripcion,4
496,Toledo Gutiérrez Mauricio Alonso,curricula.php?dipt=430,Ciudad de México,Circunscripcion,4
497,Torres Piña Carlos,curricula.php?dipt=467,Michoacán,Circunscripcion,5
498,Villafuerte Zavala Lilia,curricula.php?dipt=84,Guanajuato,Distrito,10
